三叶,920
三叶,867
分手,801
三叶,505
分手,467
名字,460
三叶,394
分手,374
名字,373
三叶,336
分手,336
名字,333
电影,303
三叶,286
分手,280
名字,276
电影,267
三叶,261
分手,260
名字,259
电影,253
三叶,212
分手,209
名字,208
电影,204
速度,201
三叶,200
分手,200
名字,195
电影,182
速度,181
三叶,179
分手,178
名字,175
电影,174
速度,167
我们,166
三叶,165
分手,162
名字,159
电影,157
速度,157
我们,156
三叶,152
分手,150
名字,149
电影,149
速度,147
我们,145
三叶,145
分手,141
名字,140
电影,133
速度,129
我们,124
三叶,124
分手,124
名字,122
电影,122
速度,122
我们,121
三叶,120
分手,120
名字,118
电影,115
速度,115
我们,111
三叶,110
分手,109
名字,107
电影,104
速度,104
我们,104
三叶,102
分手,102
名字,102
电影,101
速度,99
我们,99
三叶,99
分手,97
名字,97
电影,97
速度,97
我们,96
三叶,96
分手,96
名字,94
电影,92
速度,91
我们,90
三叶,90
分手,89
名字,89
电影,89
速度,86
我们,86
三叶,85
分手,85
名字,85
电影,82
速度,82
我们,82
喜欢,81
三叶,80
分手,80
名字,78
电影,78
速度,77
我们,76
喜欢,76
三叶,75
分手,75
名字,73
电影,72
速度,72
我们,71
喜欢,71
三叶,70
分手,70
名字,69
电影,69
速度,68
我们,67
喜欢,66
三叶,66
分手,66
名字,66
电影,66
速度,65
我们,65
喜欢,65
三叶,65
分手,65
名字,64
电影,63
速度,63
我们,62
喜欢,62
三叶,62
分手,62
名字,62
电影,62
速度,61
我们,60
喜欢,60
三叶,60
分手,59
名字,59
电影,58
速度,58
我们,58
喜欢,58
三叶,58
分手,57
名字,57
电影,55
速度,55
我们,55
喜欢,54
三叶,54
分手,54
名字,54
电影,54
速度,53
我们,53
喜欢,53
三叶,53
分手,53
名字,53
电影,52
速度,52
我们,52
喜欢,52
三叶,51
分手,51
名字,51
电影,50
速度,50
我们,50
喜欢,49
三叶,49
分手,49
名字,48
电影,48
速度,48
我们,47
喜欢,47
世界,47
三叶,47
分手,47
名字,47
电影,46
速度,46
我们,46
喜欢,46
世界,46
三叶,46
分手,46
名字,46
电影,45
速度,45
我们,45
喜欢,45
世界,45
一起,44
三叶,44
分手,44
名字,44
电影,44
速度,44
我们,43
喜欢,43
世界,43
一起,43
陨石,43
三叶,43
分手,43
名字,43
电影,43
速度,42
我们,42
喜欢,42
世界,42
一起,42
陨石,42
三叶,42
分手,42
名字,41
电影,41
速度,41
我们,41
喜欢,41
世界,41
一起,41
陨石,41
三叶,41
分手,41
名字,40
电影,40
速度,40
我们,40
喜欢,39
世界,39
一起,39
陨石,39
相遇,39
三叶,39
分手,38
名字,38
电影,38
速度,38
我们,38
喜欢,38
世界,38
一起,38
陨石,38
相遇,38
不要,37
三叶,37
分手,37
名字,37
电影,37
速度,37
我们,37
喜欢,36
世界,36
一起,36
陨石,36
相遇,36
不要,36
身体,36
三叶,36
分手,35
名字,35
电影,35
速度,35
我们,35
喜欢,35
世界,35
一起,34
陨石,34
相遇,34
不要,34
身体,34
感觉,34
三叶,34
分手,34
名字,34
电影,33
速度,33
我们,33
喜欢,33
世界,33
一起,33
陨石,33
相遇,33
不要,33
身体,33
感觉,33
三叶,33
分手,32
名字,32
电影,32
速度,32
我们,32
喜欢,32
世界,32
一起,32
陨石,32
相遇,32
不要,32
身体,32
感觉,32
三叶,32
分手,32
名字,32
电影,32
速度,31
我们,31
喜欢,31
世界,31
一起,31
陨石,31
相遇,31
不要,31
身体,31
感觉,31
三叶,31
分手,31
名字,31
电影,30
速度,30
我们,30
喜欢,30
世界,30
一起,30
陨石,30
相遇,30
不要,30
身体,30
感觉,30
新海,30
三叶,30
分手,29
名字,29
电影,29
速度,29
我们,29
喜欢,29
世界,29
一起,29
陨石,29
相遇,29
不要,28
身体,28
感觉,28
新海,28
三叶,28
分手,28
名字,28
电影,28
速度,28
我们,28
喜欢,28
世界,28
一起,28
陨石,27
相遇,27
不要,27
身体,27
感觉,27
新海,27
厘米,27
三叶,27
分手,27
名字,27
电影,27
速度,27
我们,27
喜欢,27
世界,27
一起,27
陨石,27
相遇,26
不要,26
身体,26
感觉,26
新海,26
厘米,26
三叶,26
分手,26
名字,26
电影,26
速度,26
我们,26
喜欢,26
世界,26
一起,26
陨石,26
相遇,25
不要,25
身体,25
感觉,25
新海,25
厘米,25
三叶,25
分手,25
名字,25
电影,25
速度,25
我们,25
喜欢,25
世界,25
一起,25
陨石,25
相遇,25
不要,24
身体,24
感觉,24
新海,24
厘米,24
三叶,24
分手,24
名字,24
电影,24
速度,24
我们,24
喜欢,24
世界,24
一起,24
陨石,24
相遇,24
不要,24
身体,24
感觉,23
新海,23
厘米,23
三叶,23
分手,23
名字,23
电影,23
速度,23
我们,23
喜欢,23
世界,23
一起,23
陨石,23
相遇,23
不要,23
身体,23
感觉,23
新海,22
厘米,22
三叶,22
分手,22
名字,22
电影,22
速度,22
我们,22
喜欢,22
世界,22
一起,22
陨石,22
相遇,22
不要,22
身体,22
感觉,22
新海,22
厘米,22
三叶,22
分手,22
名字,22
电影,21
速度,21
我们,21
喜欢,21
世界,21
一起,21
陨石,21
相遇,21
不要,21
身体,21
感觉,21
新海,21
厘米,21
三叶,21
分手,21
名字,21
电影,21
速度,21
我们,21
喜欢,21
世界,21
一起,21
陨石,21
相遇,21
不要,21
身体,21
感觉,20
新海,20
厘米,20
三年,20
三叶,20
分手,20
名字,20
电影,20
速度,20
我们,20
喜欢,20
世界,20
一起,20
陨石,20
相遇,20
不要,20
身体,20
感觉,20
新海,20
厘米,20
三年,20
发现,20
三叶,20
分手,20
名字,20
电影,20
速度,20
我们,20
喜欢,20
世界,20
一起,20
陨石,20
相遇,20
不要,19
身体,19
感觉,19
新海,19
厘米,19
三年,19
发现,19
希望,19
三叶,19
分手,19
名字,19
电影,19
速度,19
我们,19
喜欢,19
世界,19
一起,19
陨石,19
相遇,19
不要,19
身体,19
感觉,19
新海,19
厘米,19
三年,19
发现,19
希望,19
东京,19
三叶,19
分手,19
名字,18
电影,18
速度,18
我们,18
喜欢,18
世界,18
一起,18
陨石,18
相遇,18
不要,18
身体,18
感觉,18
新海,18
厘米,18
三年,18
发现,18
希望,18
东京,18
三叶,18
分手,18
名字,18
电影,18
速度,18
我们,18
喜欢,18
世界,18
一起,18
陨石,18
相遇,18
不要,18
身体,18
感觉,18
新海,18
厘米,17
三年,17
发现,17
希望,17
东京,17
三叶,17
分手,17
名字,17
电影,17
速度,17
我们,17
喜欢,17
世界,17
一起,17
陨石,17
相遇,17
不要,17
身体,17
感觉,17
新海,17
厘米,17
三年,17
发现,17
希望,17
东京,17
三叶,17
分手,17
名字,17
电影,17
速度,17
我们,17
喜欢,17
世界,17
一起,17
陨石,16
相遇,16
不要,16
身体,16
感觉,16
新海,16
厘米,16
三年,16
发现,16
希望,16
东京,16
记得,16
三叶,16
分手,16
名字,16
电影,16
速度,16
我们,16
喜欢,16
世界,16
一起,16
陨石,16
相遇,16
不要,16
身体,16
感觉,16
新海,16
厘米,16
三年,16
发现,16
希望,16
东京,16
记得,16
彗星,16
三叶,16
分手,16
名字,16
电影,16
速度,16
我们,16
喜欢,16
世界,16
一起,15
陨石,15
相遇,15
不要,15
身体,15
感觉,15
新海,15
厘米,15
三年,15
发现,15
希望,15
东京,15
记得,15
彗星,15
电影院,15
三叶,15
分手,15
名字,15
电影,15
速度,15
我们,15
喜欢,15
世界,15
一起,15
陨石,15
相遇,15
不要,15
身体,15
感觉,15
新海,15
厘米,15
三年,15
发现,15
希望,15
东京,15
记得,15
彗星,15
电影院,15
开始,15
三叶,15
分手,14
名字,14
电影,14
速度,14
我们,14
喜欢,14
世界,14
一起,14
陨石,14
相遇,14
不要,14
身体,14
感觉,14
新海,14
厘米,14
三年,14
发现,14
希望,14
东京,14
记得,14
彗星,14
电影院,14
开始,14
三叶,14
分手,14
名字,14
电影,14
速度,14
我们,14
喜欢,14
世界,14
一起,14
陨石,14
相遇,14
不要,14
身体,14
感觉,14
新海,14
厘米,14
三年,14
发现,14
希望,14
东京,14
记得,14
彗星,14
电影院,14
开始,14
单身,14
三叶,14
分手,14
名字,14
电影,14
速度,14
我们,14
喜欢,14
世界,14
一起,14
陨石,14
相遇,14
不要,14
身体,14
感觉,14
新海,14
厘米,14
三年,14
发现,14
希望,14
东京,14
记得,14
彗星,14
电影院,14
开始,14
单身,14
三叶,14
分手,14
名字,14
电影,14
速度,14
我们,14
喜欢,14
世界,13
一起,13
陨石,13
相遇,13
不要,13
身体,13
感觉,13
新海,13
厘米,13
三年,13
发现,13
希望,13
东京,13
记得,13
彗星,13
电影院,13
开始,13
单身,13
三叶,13
分手,13
名字,13
电影,13
速度,13
我们,13
喜欢,13
世界,13
一起,13
陨石,13
相遇,13
不要,13
身体,13
感觉,13
新海,13
厘米,13
三年,13
发现,13
希望,13
东京,13
记得,13
彗星,13
电影院,13
开始,13
单身,13
三叶,13
分手,13
名字,13
电影,13
速度,13
我们,13
喜欢,13
世界,13
一起,13
陨石,13
相遇,12
不要,12
身体,12
感觉,12
新海,12
厘米,12
三年,12
发现,12
希望,12
东京,12
记得,12
彗星,12
电影院,12
开始,12
单身,12
坠落,12
三叶,12
分手,12
名字,12
电影,12
速度,12
我们,12
喜欢,12
世界,12
一起,12
陨石,12
相遇,12
不要,12
身体,12
感觉,12
新海,12
厘米,12
三年,12
发现,12
希望,12
东京,12
记得,12
彗星,12
电影院,12
开始,12
单身,12
坠落,12
男主,12
三叶,12
分手,12
名字,12
电影,12
速度,12
我们,12
喜欢,12
世界,12
一起,12
陨石,12
相遇,12
不要,12
身体,12
感觉,12
新海,12
厘米,12
三年,12
发现,12
希望,12
东京,12
记得,12
彗星,12
电影院,12
开始,12
单身,12
坠落,12
男主,11
三叶,11
分手,11
名字,11
电影,11
速度,11
我们,11
喜欢,11
世界,11
一起,11
陨石,11
相遇,11
不要,11
身体,11
感觉,11
新海,11
厘米,11
三年,11
发现,11
希望,11
东京,11
记得,11
彗星,11
电影院,11
开始,11
单身,11
坠落,11
男主,11
三叶,11
分手,11
名字,11
电影,11
速度,11
我们,11
喜欢,11
世界,11
一起,11
陨石,11
相遇,11
不要,11
身体,11
感觉,11
新海,11
厘米,11
三年,11
发现,11
希望,11
东京,11
记得,11
彗星,11
电影院,11
开始,11
单身,11
坠落,11
男主,11
三叶,11
分手,11
名字,11
电影,11
速度,11
我们,11
喜欢,11
世界,11
一起,11
陨石,11
相遇,11
不要,11
身体,11
感觉,11
新海,11
厘米,11
三年,11
发现,11
希望,11
东京,11
记得,11
彗星,11
电影院,11
开始,11
单身,11
坠落,11
男主,11
结局,11
三叶,10
分手,10
名字,10
电影,10
